{
  "ABIRoot": {
    "kind": "Root",
    "name": "AppFig",
    "printedName": "AppFig",
    "children": [
      {
        "kind": "Import",
        "name": "Foundation",
        "printedName": "Foundation",
        "declKind": "Import",
        "moduleName": "AppFig",
        "declAttributes": [
          "RawDocComment"
        ]
      },
      {
        "kind": "Import",
        "name": "UIKit",
        "printedName": "UIKit",
        "declKind": "Import",
        "moduleName": "AppFig"
      },
      {
        "kind": "TypeDecl",
        "name": "AppFig",
        "printedName": "AppFig",
        "children": [
          {
            "kind": "Function",
            "name": "initialize",
            "printedName": "initialize(companyId:tenantId:env:apiKey:autoRefresh:pollInterval:debugMode:sessionTimeoutMs:maxEvents:maxEventAgeDays:onReady:onRulesUpdated:)",
            "children": [
              {
                "kind": "TypeNominal",
                "name": "Void",
                "printedName": "()"
              },
              {
                "kind": "TypeNominal",
                "name": "String",
                "printedName": "Swift.String",
                "usr": "s:SS"
              },
              {
                "kind": "TypeNominal",
                "name": "String",
                "printedName": "Swift.String",
                "usr": "s:SS"
              },
              {
                "kind": "TypeNominal",
                "name": "String",
                "printedName": "Swift.String",
                "usr": "s:SS"
              },
              {
                "kind": "TypeNominal",
                "name": "String",
                "printedName": "Swift.String",
                "usr": "s:SS"
              },
              {
                "kind": "TypeNominal",
                "name": "Bool",
                "printedName": "Swift.Bool",
                "hasDefaultArg": true,
                "usr": "s:Sb"
              },
              {
                "kind": "TypeNominal",
                "name": "Double",
                "printedName": "Swift.Double",
                "hasDefaultArg": true,
                "usr": "s:Sd"
              },
              {
                "kind": "TypeNominal",
                "name": "Bool",
                "printedName": "Swift.Bool",
                "hasDefaultArg": true,
                "usr": "s:Sb"
              },
              {
                "kind": "TypeNominal",
                "name": "Double",
                "printedName": "Swift.Double",
                "hasDefaultArg": true,
                "usr": "s:Sd"
              },
              {
                "kind": "TypeNominal",
                "name": "Int",
                "printedName": "Swift.Int",
                "hasDefaultArg": true,
                "usr": "s:Si"
              },
              {
                "kind": "TypeNominal",
                "name": "Int",
                "printedName": "Swift.Int",
                "hasDefaultArg": true,
                "usr": "s:Si"
              },
              {
                "kind": "TypeNominal",
                "name": "Optional",
                "printedName": "(() -> ())?",
                "children": [
                  {
                    "kind": "TypeFunc",
                    "name": "Function",
                    "printedName": "() -> ()",
                    "children": [
                      {
                        "kind": "TypeNominal",
                        "name": "Void",
                        "printedName": "()"
                      },
                      {
                        "kind": "TypeNominal",
                        "name": "Void",
                        "printedName": "()"
                      }
                    ]
                  }
                ],
                "hasDefaultArg": true,
                "usr": "s:Sq"
              },
              {
                "kind": "TypeNominal",
                "name": "Optional",
                "printedName": "(() -> ())?",
                "children": [
                  {
                    "kind": "TypeFunc",
                    "name": "Function",
                    "printedName": "() -> ()",
                    "children": [
                      {
                        "kind": "TypeNominal",
                        "name": "Void",
                        "printedName": "()"
                      },
                      {
                        "kind": "TypeNominal",
                        "name": "Void",
                        "printedName": "()"
                      }
                    ]
                  }
                ],
                "hasDefaultArg": true,
                "usr": "s:Sq"
              }
            ],
            "declKind": "Func",
            "usr": "s:6AppFigAAC10initialize9companyId06tenantE03env6apiKey11autoRefresh12pollInterval9debugMode16sessionTimeoutMs9maxEvents0S12EventAgeDays7onReady0X12RulesUpdatedySS_S3SSbSdSbSdS2iyycSgAPtFZ",
            "mangledName": "$s6AppFigAAC10initialize9companyId06tenantE03env6apiKey11autoRefresh12pollInterval9debugMode16sessionTimeoutMs9maxEvents0S12EventAgeDays7onReady0X12RulesUpdatedySS_S3SSbSdSbSdS2iyycSgAPtFZ",
            "moduleName": "AppFig",
            "static": true,
            "declAttributes": [
              "Final",
              "AccessControl",
              "RawDocComment"
            ],
            "funcSelfKind": "NonMutating"
          },
          {
            "kind": "Function",
            "name": "initializeLocal",
            "printedName": "initializeLocal(rulesJson:onReady:onRulesUpdated:)",
            "children": [
              {
                "kind": "TypeNominal",
                "name": "Void",
                "printedName": "()"
              },
              {
                "kind": "TypeNominal",
                "name": "Optional",
                "printedName": "Swift.String?",
                "children": [
                  {
                    "kind": "TypeNominal",
                    "name": "String",
                    "printedName": "Swift.String",
                    "usr": "s:SS"
                  }
                ],
                "hasDefaultArg": true,
                "usr": "s:Sq"
              },
              {
                "kind": "TypeNominal",
                "name": "Optional",
                "printedName": "(() -> ())?",
                "children": [
                  {
                    "kind": "TypeFunc",
                    "name": "Function",
                    "printedName": "() -> ()",
                    "children": [
                      {
                        "kind": "TypeNominal",
                        "name": "Void",
                        "printedName": "()"
                      },
                      {
                        "kind": "TypeNominal",
                        "name": "Void",
                        "printedName": "()"
                      }
                    ]
                  }
                ],
                "hasDefaultArg": true,
                "usr": "s:Sq"
              },
              {
                "kind": "TypeNominal",
                "name": "Optional",
                "printedName": "(() -> ())?",
                "children": [
                  {
                    "kind": "TypeFunc",
                    "name": "Function",
                    "printedName": "() -> ()",
                    "children": [
                      {
                        "kind": "TypeNominal",
                        "name": "Void",
                        "printedName": "()"
                      },
                      {
                        "kind": "TypeNominal",
                        "name": "Void",
                        "printedName": "()"
                      }
                    ]
                  }
                ],
                "hasDefaultArg": true,
                "usr": "s:Sq"
              }
            ],
            "declKind": "Func",
            "usr": "s:6AppFigAAC15initializeLocal9rulesJson7onReady0G12RulesUpdatedySSSg_yycSgAHtFZ",
            "mangledName": "$s6AppFigAAC15initializeLocal9rulesJson7onReady0G12RulesUpdatedySSSg_yycSgAHtFZ",
            "moduleName": "AppFig",
            "static": true,
            "declAttributes": [
              "Final",
              "AccessControl",
              "RawDocComment"
            ],
            "funcSelfKind": "NonMutating"
          },
          {
            "kind": "Function",
            "name": "logEvent",
            "printedName": "logEvent(name:parameters:)",
            "children": [
              {
                "kind": "TypeNominal",
                "name": "Void",
                "printedName": "()"
              },
              {
                "kind": "TypeNominal",
                "name": "String",
                "printedName": "Swift.String",
                "usr": "s:SS"
              },
              {
                "kind": "TypeNominal",
                "name": "Optional",
                "printedName": "[Swift.String : Swift.String]?",
                "children": [
                  {
                    "kind": "TypeNominal",
                    "name": "Dictionary",
                    "printedName": "[Swift.String : Swift.String]",
                    "children": [
                      {
                        "kind": "TypeNominal",
                        "name": "String",
                        "printedName": "Swift.String",
                        "usr": "s:SS"
                      },
                      {
                        "kind": "TypeNominal",
                        "name": "String",
                        "printedName": "Swift.String",
                        "usr": "s:SS"
                      }
                    ],
                    "usr": "s:SD"
                  }
                ],
                "hasDefaultArg": true,
                "usr": "s:Sq"
              }
            ],
            "declKind": "Func",
            "usr": "s:6AppFigAAC8logEvent4name10parametersySS_SDyS2SGSgtFZ",
            "mangledName": "$s6AppFigAAC8logEvent4name10parametersySS_SDyS2SGSgtFZ",
            "moduleName": "AppFig",
            "static": true,
            "declAttributes": [
              "Final",
              "AccessControl",
              "RawDocComment"
            ],
            "funcSelfKind": "NonMutating"
          },
          {
            "kind": "Function",
            "name": "logScreenView",
            "printedName": "logScreenView(screenName:previousScreen:)",
            "children": [
              {
                "kind": "TypeNominal",
                "name": "Void",
                "printedName": "()"
              },
              {
                "kind": "TypeNominal",
                "name": "String",
                "printedName": "Swift.String",
                "usr": "s:SS"
              },
              {
                "kind": "TypeNominal",
                "name": "Optional",
                "printedName": "Swift.String?",
                "children": [
                  {
                    "kind": "TypeNominal",
                    "name": "String",
                    "printedName": "Swift.String",
                    "usr": "s:SS"
                  }
                ],
                "hasDefaultArg": true,
                "usr": "s:Sq"
              }
            ],
            "declKind": "Func",
            "usr": "s:6AppFigAAC13logScreenView10screenName08previousD0ySS_SSSgtFZ",
            "mangledName": "$s6AppFigAAC13logScreenView10screenName08previousD0ySS_SSSgtFZ",
            "moduleName": "AppFig",
            "static": true,
            "declAttributes": [
              "Final",
              "AccessControl",
              "RawDocComment"
            ],
            "funcSelfKind": "NonMutating"
          },
          {
            "kind": "Function",
            "name": "setUserProperty",
            "printedName": "setUserProperty(key:value:)",
            "children": [
              {
                "kind": "TypeNominal",
                "name": "Void",
                "printedName": "()"
              },
              {
                "kind": "TypeNominal",
                "name": "String",
                "printedName": "Swift.String",
                "usr": "s:SS"
              },
              {
                "kind": "TypeNominal",
                "name": "String",
                "printedName": "Swift.String",
                "usr": "s:SS"
              }
            ],
            "declKind": "Func",
            "usr": "s:6AppFigAAC15setUserProperty3key5valueySS_SStFZ",
            "mangledName": "$s6AppFigAAC15setUserProperty3key5valueySS_SStFZ",
            "moduleName": "AppFig",
            "static": true,
            "declAttributes": [
              "Final",
              "AccessControl",
              "RawDocComment"
            ],
            "funcSelfKind": "NonMutating"
          },
          {
            "kind": "Function",
            "name": "removeUserProperty",
            "printedName": "removeUserProperty(key:)",
            "children": [
              {
                "kind": "TypeNominal",
                "name": "Void",
                "printedName": "()"
              },
              {
                "kind": "TypeNominal",
                "name": "String",
                "printedName": "Swift.String",
                "usr": "s:SS"
              }
            ],
            "declKind": "Func",
            "usr": "s:6AppFigAAC18removeUserProperty3keyySS_tFZ",
            "mangledName": "$s6AppFigAAC18removeUserProperty3keyySS_tFZ",
            "moduleName": "AppFig",
            "static": true,
            "declAttributes": [
              "Final",
              "AccessControl",
              "RawDocComment"
            ],
            "funcSelfKind": "NonMutating"
          },
          {
            "kind": "Function",
            "name": "setDeviceProperty",
            "printedName": "setDeviceProperty(key:value:)",
            "children": [
              {
                "kind": "TypeNominal",
                "name": "Void",
                "printedName": "()"
              },
              {
                "kind": "TypeNominal",
                "name": "String",
                "printedName": "Swift.String",
                "usr": "s:SS"
              },
              {
                "kind": "TypeNominal",
                "name": "String",
                "printedName": "Swift.String",
                "usr": "s:SS"
              }
            ],
            "declKind": "Func",
            "usr": "s:6AppFigAAC17setDeviceProperty3key5valueySS_SStFZ",
            "mangledName": "$s6AppFigAAC17setDeviceProperty3key5valueySS_SStFZ",
            "moduleName": "AppFig",
            "static": true,
            "declAttributes": [
              "Final",
              "AccessControl",
              "RawDocComment"
            ],
            "funcSelfKind": "NonMutating"
          },
          {
            "kind": "Function",
            "name": "removeDeviceProperty",
            "printedName": "removeDeviceProperty(key:)",
            "children": [
              {
                "kind": "TypeNominal",
                "name": "Void",
                "printedName": "()"
              },
              {
                "kind": "TypeNominal",
                "name": "String",
                "printedName": "Swift.String",
                "usr": "s:SS"
              }
            ],
            "declKind": "Func",
            "usr": "s:6AppFigAAC20removeDeviceProperty3keyySS_tFZ",
            "mangledName": "$s6AppFigAAC20removeDeviceProperty3keyySS_tFZ",
            "moduleName": "AppFig",
            "static": true,
            "declAttributes": [
              "Final",
              "AccessControl",
              "RawDocComment"
            ],
            "funcSelfKind": "NonMutating"
          },
          {
            "kind": "Function",
            "name": "setAppVersion",
            "printedName": "setAppVersion(_:)",
            "children": [
              {
                "kind": "TypeNominal",
                "name": "Void",
                "printedName": "()"
              },
              {
                "kind": "TypeNominal",
                "name": "String",
                "printedName": "Swift.String",
                "usr": "s:SS"
              }
            ],
            "declKind": "Func",
            "usr": "s:6AppFigAAC03setA7VersionyySSFZ",
            "mangledName": "$s6AppFigAAC03setA7VersionyySSFZ",
            "moduleName": "AppFig",
            "static": true,
            "declAttributes": [
              "Final",
              "AccessControl",
              "RawDocComment"
            ],
            "funcSelfKind": "NonMutating"
          },
          {
            "kind": "Function",
            "name": "detectAndSetCountry",
            "printedName": "detectAndSetCountry(completion:)",
            "children": [
              {
                "kind": "TypeNominal",
                "name": "Void",
                "printedName": "()"
              },
              {
                "kind": "TypeNominal",
                "name": "Optional",
                "printedName": "((Swift.String?) -> ())?",
                "children": [
                  {
                    "kind": "TypeFunc",
                    "name": "Function",
                    "printedName": "(Swift.String?) -> ()",
                    "children": [
                      {
                        "kind": "TypeNominal",
                        "name": "Void",
                        "printedName": "()"
                      },
                      {
                        "kind": "TypeNominal",
                        "name": "Optional",
                        "printedName": "Swift.String?",
                        "children": [
                          {
                            "kind": "TypeNominal",
                            "name": "String",
                            "printedName": "Swift.String",
                            "usr": "s:SS"
                          }
                        ],
                        "usr": "s:Sq"
                      }
                    ]
                  }
                ],
                "hasDefaultArg": true,
                "usr": "s:Sq"
              }
            ],
            "declKind": "Func",
            "usr": "s:6AppFigAAC19detectAndSetCountry10completionyySSSgcSg_tFZ",
            "mangledName": "$s6AppFigAAC19detectAndSetCountry10completionyySSSgcSg_tFZ",
            "moduleName": "AppFig",
            "static": true,
            "deprecated": true,
            "declAttributes": [
              "Final",
              "AccessControl",
              "Available",
              "RawDocComment"
            ],
            "funcSelfKind": "NonMutating"
          },
          {
            "kind": "Function",
            "name": "isFeatureEnabled",
            "printedName": "isFeatureEnabled(_:)",
            "children": [
              {
                "kind": "TypeNominal",
                "name": "Bool",
                "printedName": "Swift.Bool",
                "usr": "s:Sb"
              },
              {
                "kind": "TypeNominal",
                "name": "String",
                "printedName": "Swift.String",
                "usr": "s:SS"
              }
            ],
            "declKind": "Func",
            "usr": "s:6AppFigAAC16isFeatureEnabledySbSSFZ",
            "mangledName": "$s6AppFigAAC16isFeatureEnabledySbSSFZ",
            "moduleName": "AppFig",
            "static": true,
            "declAttributes": [
              "Final",
              "AccessControl",
              "RawDocComment"
            ],
            "funcSelfKind": "NonMutating"
          },
          {
            "kind": "Function",
            "name": "getFeatureValue",
            "printedName": "getFeatureValue(_:)",
            "children": [
              {
                "kind": "TypeNominal",
                "name": "Optional",
                "printedName": "Swift.String?",
                "children": [
                  {
                    "kind": "TypeNominal",
                    "name": "String",
                    "printedName": "Swift.String",
                    "usr": "s:SS"
                  }
                ],
                "usr": "s:Sq"
              },
              {
                "kind": "TypeNominal",
                "name": "String",
                "printedName": "Swift.String",
                "usr": "s:SS"
              }
            ],
            "declKind": "Func",
            "usr": "s:6AppFigAAC15getFeatureValueySSSgSSFZ",
            "mangledName": "$s6AppFigAAC15getFeatureValueySSSgSSFZ",
            "moduleName": "AppFig",
            "static": true,
            "declAttributes": [
              "Final",
              "AccessControl",
              "RawDocComment"
            ],
            "funcSelfKind": "NonMutating"
          },
          {
            "kind": "Function",
            "name": "hasRulesLoaded",
            "printedName": "hasRulesLoaded()",
            "children": [
              {
                "kind": "TypeNominal",
                "name": "Bool",
                "printedName": "Swift.Bool",
                "usr": "s:Sb"
              }
            ],
            "declKind": "Func",
            "usr": "s:6AppFigAAC14hasRulesLoadedSbyFZ",
            "mangledName": "$s6AppFigAAC14hasRulesLoadedSbyFZ",
            "moduleName": "AppFig",
            "static": true,
            "declAttributes": [
              "Final",
              "AccessControl",
              "RawDocComment"
            ],
            "funcSelfKind": "NonMutating"
          },
          {
            "kind": "Function",
            "name": "resetFeature",
            "printedName": "resetFeature(_:)",
            "children": [
              {
                "kind": "TypeNominal",
                "name": "Void",
                "printedName": "()"
              },
              {
                "kind": "TypeNominal",
                "name": "String",
                "printedName": "Swift.String",
                "usr": "s:SS"
              }
            ],
            "declKind": "Func",
            "usr": "s:6AppFigAAC12resetFeatureyySSFZ",
            "mangledName": "$s6AppFigAAC12resetFeatureyySSFZ",
            "moduleName": "AppFig",
            "static": true,
            "declAttributes": [
              "Final",
              "AccessControl",
              "RawDocComment"
            ],
            "funcSelfKind": "NonMutating"
          },
          {
            "kind": "Function",
            "name": "resetAllFeatures",
            "printedName": "resetAllFeatures()",
            "children": [
              {
                "kind": "TypeNominal",
                "name": "Void",
                "printedName": "()"
              }
            ],
            "declKind": "Func",
            "usr": "s:6AppFigAAC16resetAllFeaturesyyFZ",
            "mangledName": "$s6AppFigAAC16resetAllFeaturesyyFZ",
            "moduleName": "AppFig",
            "static": true,
            "declAttributes": [
              "Final",
              "AccessControl",
              "RawDocComment"
            ],
            "funcSelfKind": "NonMutating"
          },
          {
            "kind": "Function",
            "name": "addListener",
            "printedName": "addListener(featureName:listener:)",
            "children": [
              {
                "kind": "TypeNominal",
                "name": "Void",
                "printedName": "()"
              },
              {
                "kind": "TypeNominal",
                "name": "String",
                "printedName": "Swift.String",
                "usr": "s:SS"
              },
              {
                "kind": "TypeFunc",
                "name": "Function",
                "printedName": "(Swift.String, Swift.String?) -> ()",
                "children": [
                  {
                    "kind": "TypeNominal",
                    "name": "Void",
                    "printedName": "()"
                  },
                  {
                    "kind": "TypeNominal",
                    "name": "Tuple",
                    "printedName": "(Swift.String, Swift.String?)",
                    "children": [
                      {
                        "kind": "TypeNominal",
                        "name": "String",
                        "printedName": "Swift.String",
                        "usr": "s:SS"
                      },
                      {
                        "kind": "TypeNominal",
                        "name": "Optional",
                        "printedName": "Swift.String?",
                        "children": [
                          {
                            "kind": "TypeNominal",
                            "name": "String",
                            "printedName": "Swift.String",
                            "usr": "s:SS"
                          }
                        ],
                        "usr": "s:Sq"
                      }
                    ]
                  }
                ]
              }
            ],
            "declKind": "Func",
            "usr": "s:6AppFigAAC11addListener11featureName8listenerySS_ySS_SSSgtctFZ",
            "mangledName": "$s6AppFigAAC11addListener11featureName8listenerySS_ySS_SSSgtctFZ",
            "moduleName": "AppFig",
            "static": true,
            "declAttributes": [
              "Final",
              "AccessControl",
              "RawDocComment"
            ],
            "funcSelfKind": "NonMutating"
          },
          {
            "kind": "Function",
            "name": "removeAllListeners",
            "printedName": "removeAllListeners(featureName:)",
            "children": [
              {
                "kind": "TypeNominal",
                "name": "Void",
                "printedName": "()"
              },
              {
                "kind": "TypeNominal",
                "name": "String",
                "printedName": "Swift.String",
                "usr": "s:SS"
              }
            ],
            "declKind": "Func",
            "usr": "s:6AppFigAAC18removeAllListeners11featureNameySS_tFZ",
            "mangledName": "$s6AppFigAAC18removeAllListeners11featureNameySS_tFZ",
            "moduleName": "AppFig",
            "static": true,
            "declAttributes": [
              "Final",
              "AccessControl"
            ],
            "funcSelfKind": "NonMutating"
          },
          {
            "kind": "Function",
            "name": "clearAllListeners",
            "printedName": "clearAllListeners()",
            "children": [
              {
                "kind": "TypeNominal",
                "name": "Void",
                "printedName": "()"
              }
            ],
            "declKind": "Func",
            "usr": "s:6AppFigAAC17clearAllListenersyyFZ",
            "mangledName": "$s6AppFigAAC17clearAllListenersyyFZ",
            "moduleName": "AppFig",
            "static": true,
            "declAttributes": [
              "Final",
              "AccessControl"
            ],
            "funcSelfKind": "NonMutating"
          },
          {
            "kind": "Function",
            "name": "resetSession",
            "printedName": "resetSession()",
            "children": [
              {
                "kind": "TypeNominal",
                "name": "Void",
                "printedName": "()"
              }
            ],
            "declKind": "Func",
            "usr": "s:6AppFigAAC12resetSessionyyFZ",
            "mangledName": "$s6AppFigAAC12resetSessionyyFZ",
            "moduleName": "AppFig",
            "static": true,
            "declAttributes": [
              "Final",
              "AccessControl",
              "RawDocComment"
            ],
            "funcSelfKind": "NonMutating"
          },
          {
            "kind": "Function",
            "name": "updateActivity",
            "printedName": "updateActivity()",
            "children": [
              {
                "kind": "TypeNominal",
                "name": "Void",
                "printedName": "()"
              }
            ],
            "declKind": "Func",
            "usr": "s:6AppFigAAC14updateActivityyyFZ",
            "mangledName": "$s6AppFigAAC14updateActivityyyFZ",
            "moduleName": "AppFig",
            "static": true,
            "declAttributes": [
              "Final",
              "AccessControl",
              "RawDocComment"
            ],
            "funcSelfKind": "NonMutating"
          },
          {
            "kind": "Function",
            "name": "setAutoRefresh",
            "printedName": "setAutoRefresh(enabled:)",
            "children": [
              {
                "kind": "TypeNominal",
                "name": "Void",
                "printedName": "()"
              },
              {
                "kind": "TypeNominal",
                "name": "Bool",
                "printedName": "Swift.Bool",
                "usr": "s:Sb"
              }
            ],
            "declKind": "Func",
            "usr": "s:6AppFigAAC14setAutoRefresh7enabledySb_tFZ",
            "mangledName": "$s6AppFigAAC14setAutoRefresh7enabledySb_tFZ",
            "moduleName": "AppFig",
            "static": true,
            "deprecated": true,
            "declAttributes": [
              "Final",
              "AccessControl",
              "Available",
              "RawDocComment"
            ],
            "funcSelfKind": "NonMutating"
          },
          {
            "kind": "Function",
            "name": "setPollInterval",
            "printedName": "setPollInterval(_:)",
            "children": [
              {
                "kind": "TypeNominal",
                "name": "Void",
                "printedName": "()"
              },
              {
                "kind": "TypeNominal",
                "name": "Double",
                "printedName": "Swift.Double",
                "usr": "s:Sd"
              }
            ],
            "declKind": "Func",
            "usr": "s:6AppFigAAC15setPollIntervalyySdFZ",
            "mangledName": "$s6AppFigAAC15setPollIntervalyySdFZ",
            "moduleName": "AppFig",
            "static": true,
            "deprecated": true,
            "declAttributes": [
              "Final",
              "AccessControl",
              "Available",
              "RawDocComment"
            ],
            "funcSelfKind": "NonMutating"
          },
          {
            "kind": "Function",
            "name": "refreshRules",
            "printedName": "refreshRules()",
            "children": [
              {
                "kind": "TypeNominal",
                "name": "Void",
                "printedName": "()"
              }
            ],
            "declKind": "Func",
            "usr": "s:6AppFigAAC12refreshRulesyyFZ",
            "mangledName": "$s6AppFigAAC12refreshRulesyyFZ",
            "moduleName": "AppFig",
            "static": true,
            "declAttributes": [
              "Final",
              "AccessControl",
              "RawDocComment"
            ],
            "funcSelfKind": "NonMutating"
          },
          {
            "kind": "Function",
            "name": "clearCache",
            "printedName": "clearCache(companyId:tenantId:env:)",
            "children": [
              {
                "kind": "TypeNominal",
                "name": "Void",
                "printedName": "()"
              },
              {
                "kind": "TypeNominal",
                "name": "String",
                "printedName": "Swift.String",
                "usr": "s:SS"
              },
              {
                "kind": "TypeNominal",
                "name": "String",
                "printedName": "Swift.String",
                "usr": "s:SS"
              },
              {
                "kind": "TypeNominal",
                "name": "String",
                "printedName": "Swift.String",
                "usr": "s:SS"
              }
            ],
            "declKind": "Func",
            "usr": "s:6AppFigAAC10clearCache9companyId06tenantF03envySS_S2StFZ",
            "mangledName": "$s6AppFigAAC10clearCache9companyId06tenantF03envySS_S2StFZ",
            "moduleName": "AppFig",
            "static": true,
            "declAttributes": [
              "Final",
              "AccessControl",
              "RawDocComment"
            ],
            "funcSelfKind": "NonMutating"
          },
          {
            "kind": "Function",
            "name": "clearEventHistory",
            "printedName": "clearEventHistory()",
            "children": [
              {
                "kind": "TypeNominal",
                "name": "Void",
                "printedName": "()"
              }
            ],
            "declKind": "Func",
            "usr": "s:6AppFigAAC17clearEventHistoryyyFZ",
            "mangledName": "$s6AppFigAAC17clearEventHistoryyyFZ",
            "moduleName": "AppFig",
            "static": true,
            "declAttributes": [
              "Final",
              "AccessControl",
              "RawDocComment"
            ],
            "funcSelfKind": "NonMutating"
          },
          {
            "kind": "Function",
            "name": "getEventHistoryStats",
            "printedName": "getEventHistoryStats()",
            "children": [
              {
                "kind": "TypeNominal",
                "name": "Dictionary",
                "printedName": "[Swift.String : Any]",
                "children": [
                  {
                    "kind": "TypeNominal",
                    "name": "String",
                    "printedName": "Swift.String",
                    "usr": "s:SS"
                  },
                  {
                    "kind": "TypeNominal",
                    "name": "ProtocolComposition",
                    "printedName": "Any"
                  }
                ],
                "usr": "s:SD"
              }
            ],
            "declKind": "Func",
            "usr": "s:6AppFigAAC20getEventHistoryStatsSDySSypGyFZ",
            "mangledName": "$s6AppFigAAC20getEventHistoryStatsSDySSypGyFZ",
            "moduleName": "AppFig",
            "static": true,
            "declAttributes": [
              "Final",
              "AccessControl",
              "RawDocComment"
            ],
            "funcSelfKind": "NonMutating"
          }
        ],
        "declKind": "Class",
        "usr": "s:6AppFigAAC",
        "mangledName": "$s6AppFigAAC",
        "moduleName": "AppFig",
        "declAttributes": [
          "AccessControl",
          "RawDocComment"
        ],
        "hasMissingDesignatedInitializers": true,
        "conformances": [
          {
            "kind": "Conformance",
            "name": "Copyable",
            "printedName": "Copyable",
            "usr": "s:s8CopyableP",
            "mangledName": "$ss8CopyableP"
          },
          {
            "kind": "Conformance",
            "name": "Escapable",
            "printedName": "Escapable",
            "usr": "s:s9EscapableP",
            "mangledName": "$ss9EscapableP"
          }
        ]
      },
      {
        "kind": "Import",
        "name": "Foundation",
        "printedName": "Foundation",
        "declKind": "Import",
        "moduleName": "AppFig",
        "declAttributes": [
          "RawDocComment"
        ]
      }
    ],
    "json_format_version": 8
  },
  "ConstValues": [
    {
      "filePath": "\/Users\/runner\/work\/AppFig-SDKs-private\/AppFig-SDKs-private\/ios\/AppFig\/AppFig\/AppFigIOSSDK.swift",
      "kind": "IntegerLiteral",
      "offset": 1413,
      "length": 8,
      "value": "43200000"
    },
    {
      "filePath": "\/Users\/runner\/work\/AppFig-SDKs-private\/AppFig-SDKs-private\/ios\/AppFig\/AppFig\/AppFigIOSSDK.swift",
      "kind": "IntegerLiteral",
      "offset": 1497,
      "length": 7,
      "value": "1800000"
    },
    {
      "filePath": "\/Users\/runner\/work\/AppFig-SDKs-private\/AppFig-SDKs-private\/ios\/AppFig\/AppFig\/AppFigIOSSDK.swift",
      "kind": "IntegerLiteral",
      "offset": 1561,
      "length": 4,
      "value": "5000"
    },
    {
      "filePath": "\/Users\/runner\/work\/AppFig-SDKs-private\/AppFig-SDKs-private\/ios\/AppFig\/AppFig\/AppFigIOSSDK.swift",
      "kind": "IntegerLiteral",
      "offset": 1614,
      "length": 1,
      "value": "7"
    },
    {
      "filePath": "\/Users\/runner\/work\/AppFig-SDKs-private\/AppFig-SDKs-private\/ios\/AppFig\/AppFig\/AppFigIOSSDK.swift",
      "kind": "StringLiteral",
      "offset": 1663,
      "length": 16,
      "value": "\"com.appfig.sdk\""
    },
    {
      "filePath": "\/Users\/runner\/work\/AppFig-SDKs-private\/AppFig-SDKs-private\/ios\/AppFig\/AppFig\/AppFigIOSSDK.swift",
      "kind": "StringLiteral",
      "offset": 1766,
      "length": 22,
      "value": "\"com.appfig.sdk.queue\""
    },
    {
      "filePath": "\/Users\/runner\/work\/AppFig-SDKs-private\/AppFig-SDKs-private\/ios\/AppFig\/AppFig\/AppFigIOSSDK.swift",
      "kind": "IntegerLiteral",
      "offset": 1961,
      "length": 2,
      "value": "30"
    },
    {
      "filePath": "\/Users\/runner\/work\/AppFig-SDKs-private\/AppFig-SDKs-private\/ios\/AppFig\/AppFig\/AppFigIOSSDK.swift",
      "kind": "IntegerLiteral",
      "offset": 2008,
      "length": 2,
      "value": "30"
    },
    {
      "filePath": "\/Users\/runner\/work\/AppFig-SDKs-private\/AppFig-SDKs-private\/ios\/AppFig\/AppFig\/AppFigIOSSDK.swift",
      "kind": "StringLiteral",
      "offset": 2133,
      "length": 2,
      "value": "\"\""
    },
    {
      "filePath": "\/Users\/runner\/work\/AppFig-SDKs-private\/AppFig-SDKs-private\/ios\/AppFig\/AppFig\/AppFigIOSSDK.swift",
      "kind": "StringLiteral",
      "offset": 2178,
      "length": 2,
      "value": "\"\""
    },
    {
      "filePath": "\/Users\/runner\/work\/AppFig-SDKs-private\/AppFig-SDKs-private\/ios\/AppFig\/AppFig\/AppFigIOSSDK.swift",
      "kind": "StringLiteral",
      "offset": 2218,
      "length": 2,
      "value": "\"\""
    },
    {
      "filePath": "\/Users\/runner\/work\/AppFig-SDKs-private\/AppFig-SDKs-private\/ios\/AppFig\/AppFig\/AppFigIOSSDK.swift",
      "kind": "StringLiteral",
      "offset": 2261,
      "length": 2,
      "value": "\"\""
    },
    {
      "filePath": "\/Users\/runner\/work\/AppFig-SDKs-private\/AppFig-SDKs-private\/ios\/AppFig\/AppFig\/AppFigIOSSDK.swift",
      "kind": "StringLiteral",
      "offset": 2308,
      "length": 31,
      "value": "\"https:\/\/rules-prod.appfig.com\""
    },
    {
      "filePath": "\/Users\/runner\/work\/AppFig-SDKs-private\/AppFig-SDKs-private\/ios\/AppFig\/AppFig\/AppFigIOSSDK.swift",
      "kind": "StringLiteral",
      "offset": 2384,
      "length": 2,
      "value": "\"\""
    },
    {
      "filePath": "\/Users\/runner\/work\/AppFig-SDKs-private\/AppFig-SDKs-private\/ios\/AppFig\/AppFig\/AppFigIOSSDK.swift",
      "kind": "IntegerLiteral",
      "offset": 2441,
      "length": 8,
      "value": "43200000"
    },
    {
      "filePath": "\/Users\/runner\/work\/AppFig-SDKs-private\/AppFig-SDKs-private\/ios\/AppFig\/AppFig\/AppFigIOSSDK.swift",
      "kind": "BooleanLiteral",
      "offset": 2500,
      "length": 4,
      "value": "true"
    },
    {
      "filePath": "\/Users\/runner\/work\/AppFig-SDKs-private\/AppFig-SDKs-private\/ios\/AppFig\/AppFig\/AppFigIOSSDK.swift",
      "kind": "IntegerLiteral",
      "offset": 2561,
      "length": 7,
      "value": "1800000"
    },
    {
      "filePath": "\/Users\/runner\/work\/AppFig-SDKs-private\/AppFig-SDKs-private\/ios\/AppFig\/AppFig\/AppFigIOSSDK.swift",
      "kind": "BooleanLiteral",
      "offset": 2610,
      "length": 5,
      "value": "false"
    },
    {
      "filePath": "\/Users\/runner\/work\/AppFig-SDKs-private\/AppFig-SDKs-private\/ios\/AppFig\/AppFig\/AppFigIOSSDK.swift",
      "kind": "IntegerLiteral",
      "offset": 2656,
      "length": 4,
      "value": "5000"
    },
    {
      "filePath": "\/Users\/runner\/work\/AppFig-SDKs-private\/AppFig-SDKs-private\/ios\/AppFig\/AppFig\/AppFigIOSSDK.swift",
      "kind": "IntegerLiteral",
      "offset": 2707,
      "length": 1,
      "value": "7"
    },
    {
      "filePath": "\/Users\/runner\/work\/AppFig-SDKs-private\/AppFig-SDKs-private\/ios\/AppFig\/AppFig\/AppFigIOSSDK.swift",
      "kind": "Array",
      "offset": 2783,
      "length": 2,
      "value": "[]"
    },
    {
      "filePath": "\/Users\/runner\/work\/AppFig-SDKs-private\/AppFig-SDKs-private\/ios\/AppFig\/AppFig\/AppFigIOSSDK.swift",
      "kind": "Dictionary",
      "offset": 2838,
      "length": 3,
      "value": "[]"
    },
    {
      "filePath": "\/Users\/runner\/work\/AppFig-SDKs-private\/AppFig-SDKs-private\/ios\/AppFig\/AppFig\/AppFigIOSSDK.swift",
      "kind": "Dictionary",
      "offset": 2900,
      "length": 3,
      "value": "[]"
    },
    {
      "filePath": "\/Users\/runner\/work\/AppFig-SDKs-private\/AppFig-SDKs-private\/ios\/AppFig\/AppFig\/AppFigIOSSDK.swift",
      "kind": "Dictionary",
      "offset": 2964,
      "length": 3,
      "value": "[]"
    },
    {
      "filePath": "\/Users\/runner\/work\/AppFig-SDKs-private\/AppFig-SDKs-private\/ios\/AppFig\/AppFig\/AppFigIOSSDK.swift",
      "kind": "Dictionary",
      "offset": 3025,
      "length": 3,
      "value": "[]"
    },
    {
      "filePath": "\/Users\/runner\/work\/AppFig-SDKs-private\/AppFig-SDKs-private\/ios\/AppFig\/AppFig\/AppFigIOSSDK.swift",
      "kind": "Dictionary",
      "offset": 3082,
      "length": 3,
      "value": "[]"
    },
    {
      "filePath": "\/Users\/runner\/work\/AppFig-SDKs-private\/AppFig-SDKs-private\/ios\/AppFig\/AppFig\/AppFigIOSSDK.swift",
      "kind": "Array",
      "offset": 3168,
      "length": 2,
      "value": "[]"
    },
    {
      "filePath": "\/Users\/runner\/work\/AppFig-SDKs-private\/AppFig-SDKs-private\/ios\/AppFig\/AppFig\/AppFigIOSSDK.swift",
      "kind": "StringLiteral",
      "offset": 3221,
      "length": 2,
      "value": "\"\""
    },
    {
      "filePath": "\/Users\/runner\/work\/AppFig-SDKs-private\/AppFig-SDKs-private\/ios\/AppFig\/AppFig\/AppFigIOSSDK.swift",
      "kind": "IntegerLiteral",
      "offset": 3297,
      "length": 1,
      "value": "0"
    },
    {
      "filePath": "\/Users\/runner\/work\/AppFig-SDKs-private\/AppFig-SDKs-private\/ios\/AppFig\/AppFig\/AppFigIOSSDK.swift",
      "kind": "BooleanLiteral",
      "offset": 3345,
      "length": 5,
      "value": "false"
    },
    {
      "filePath": "\/Users\/runner\/work\/AppFig-SDKs-private\/AppFig-SDKs-private\/ios\/AppFig\/AppFig\/AppFigIOSSDK.swift",
      "kind": "BooleanLiteral",
      "offset": 3400,
      "length": 5,
      "value": "false"
    },
    {
      "filePath": "\/Users\/runner\/work\/AppFig-SDKs-private\/AppFig-SDKs-private\/ios\/AppFig\/AppFig\/AppFigIOSSDK.swift",
      "kind": "BooleanLiteral",
      "offset": 3476,
      "length": 5,
      "value": "false"
    },
    {
      "filePath": "\/Users\/runner\/work\/AppFig-SDKs-private\/AppFig-SDKs-private\/ios\/AppFig\/AppFig\/AppFigIOSSDK.swift",
      "kind": "StringLiteral",
      "offset": 3529,
      "length": 2,
      "value": "\"\""
    },
    {
      "filePath": "\/Users\/runner\/work\/AppFig-SDKs-private\/AppFig-SDKs-private\/ios\/AppFig\/AppFig\/AppFigIOSSDK.swift",
      "kind": "Dictionary",
      "offset": 3685,
      "length": 3,
      "value": "[]"
    },
    {
      "filePath": "\/Users\/runner\/work\/AppFig-SDKs-private\/AppFig-SDKs-private\/ios\/AppFig\/AppFig\/AppFigIOSSDK.swift",
      "kind": "Dictionary",
      "offset": 3765,
      "length": 3,
      "value": "[]"
    },
    {
      "filePath": "\/Users\/runner\/work\/AppFig-SDKs-private\/AppFig-SDKs-private\/ios\/AppFig\/AppFig\/AppFigIOSSDK.swift",
      "kind": "Dictionary",
      "offset": 3847,
      "length": 3,
      "value": "[]"
    },
    {
      "filePath": "\/Users\/runner\/work\/AppFig-SDKs-private\/AppFig-SDKs-private\/ios\/AppFig\/AppFig\/AppFigIOSSDK.swift",
      "kind": "Dictionary",
      "offset": 3914,
      "length": 3,
      "value": "[]"
    },
    {
      "filePath": "\/Users\/runner\/work\/AppFig-SDKs-private\/AppFig-SDKs-private\/ios\/AppFig\/AppFig\/AppFigIOSSDK.swift",
      "kind": "BooleanLiteral",
      "offset": 3981,
      "length": 5,
      "value": "false"
    },
    {
      "filePath": "\/Users\/runner\/work\/AppFig-SDKs-private\/AppFig-SDKs-private\/ios\/AppFig\/AppFig\/AppFigIOSSDK.swift",
      "kind": "IntegerLiteral",
      "offset": 4174,
      "length": 1,
      "value": "0"
    },
    {
      "filePath": "\/Users\/runner\/work\/AppFig-SDKs-private\/AppFig-SDKs-private\/ios\/AppFig\/AppFig\/AppFigIOSSDK.swift",
      "kind": "Array",
      "offset": 4317,
      "length": 2,
      "value": "[]"
    },
    {
      "filePath": "\/Users\/runner\/work\/AppFig-SDKs-private\/AppFig-SDKs-private\/ios\/AppFig\/AppFig\/AppFigIOSSDK.swift",
      "kind": "Dictionary",
      "offset": 4386,
      "length": 3,
      "value": "[]"
    },
    {
      "filePath": "\/Users\/runner\/work\/AppFig-SDKs-private\/AppFig-SDKs-private\/ios\/AppFig\/AppFig\/AppFigIOSSDK.swift",
      "kind": "Dictionary",
      "offset": 4471,
      "length": 3,
      "value": "[]"
    },
    {
      "filePath": "\/Users\/runner\/work\/AppFig-SDKs-private\/AppFig-SDKs-private\/ios\/AppFig\/AppFig\/AppFigIOSSDK.swift",
      "kind": "Dictionary",
      "offset": 4544,
      "length": 3,
      "value": "[]"
    },
    {
      "filePath": "\/Users\/runner\/work\/AppFig-SDKs-private\/AppFig-SDKs-private\/ios\/AppFig\/AppFig\/AppFigIOSSDK.swift",
      "kind": "Dictionary",
      "offset": 4619,
      "length": 3,
      "value": "[]"
    },
    {
      "filePath": "\/Users\/runner\/work\/AppFig-SDKs-private\/AppFig-SDKs-private\/ios\/AppFig\/AppFig\/AppFigIOSSDK.swift",
      "kind": "Array",
      "offset": 4681,
      "length": 2,
      "value": "[]"
    },
    {
      "filePath": "\/Users\/runner\/work\/AppFig-SDKs-private\/AppFig-SDKs-private\/ios\/AppFig\/AppFig\/AppFigIOSSDK.swift",
      "kind": "Dictionary",
      "offset": 4803,
      "length": 3,
      "value": "[]"
    },
    {
      "filePath": "\/Users\/runner\/work\/AppFig-SDKs-private\/AppFig-SDKs-private\/ios\/AppFig\/AppFig\/AppFigIOSSDK.swift",
      "kind": "Dictionary",
      "offset": 4883,
      "length": 3,
      "value": "[]"
    },
    {
      "filePath": "\/Users\/runner\/work\/AppFig-SDKs-private\/AppFig-SDKs-private\/ios\/AppFig\/AppFig\/AppFigIOSSDK.swift",
      "kind": "Dictionary",
      "offset": 4965,
      "length": 3,
      "value": "[]"
    },
    {
      "filePath": "\/Users\/runner\/work\/AppFig-SDKs-private\/AppFig-SDKs-private\/ios\/AppFig\/AppFig\/AppFigIOSSDK.swift",
      "kind": "IntegerLiteral",
      "offset": 5017,
      "length": 1,
      "value": "0"
    },
    {
      "filePath": "\/Users\/runner\/work\/AppFig-SDKs-private\/AppFig-SDKs-private\/ios\/AppFig\/AppFig\/AppFigIOSSDK.swift",
      "kind": "StringLiteral",
      "offset": 5121,
      "length": 2,
      "value": "\"\""
    },
    {
      "filePath": "\/Users\/runner\/work\/AppFig-SDKs-private\/AppFig-SDKs-private\/ios\/AppFig\/AppFig\/AppFigIOSSDK.swift",
      "kind": "IntegerLiteral",
      "offset": 5184,
      "length": 1,
      "value": "0"
    },
    {
      "filePath": "\/Users\/runner\/work\/AppFig-SDKs-private\/AppFig-SDKs-private\/ios\/AppFig\/AppFig\/AppFigIOSSDK.swift",
      "kind": "IntegerLiteral",
      "offset": 5236,
      "length": 2,
      "value": "50"
    },
    {
      "filePath": "\/Users\/runner\/work\/AppFig-SDKs-private\/AppFig-SDKs-private\/ios\/AppFig\/AppFig\/AppFigIOSSDK.swift",
      "kind": "IntegerLiteral",
      "offset": 5304,
      "length": 6,
      "value": "600000"
    },
    {
      "filePath": "\/Users\/runner\/work\/AppFig-SDKs-private\/AppFig-SDKs-private\/ios\/AppFig\/AppFig\/AppFigIOSSDK.swift",
      "kind": "IntegerLiteral",
      "offset": 5390,
      "length": 8,
      "value": "43200000"
    },
    {
      "filePath": "\/Users\/runner\/work\/AppFig-SDKs-private\/AppFig-SDKs-private\/ios\/AppFig\/AppFig\/AppFigIOSSDK.swift",
      "kind": "Dictionary",
      "offset": 5632,
      "length": 3,
      "value": "[]"
    },
    {
      "filePath": "\/Users\/runner\/work\/AppFig-SDKs-private\/AppFig-SDKs-private\/ios\/AppFig\/AppFig\/AppFigIOSSDK.swift",
      "kind": "BooleanLiteral",
      "offset": 7858,
      "length": 4,
      "value": "true"
    },
    {
      "filePath": "\/Users\/runner\/work\/AppFig-SDKs-private\/AppFig-SDKs-private\/ios\/AppFig\/AppFig\/AppFigIOSSDK.swift",
      "kind": "IntegerLiteral",
      "offset": 7901,
      "length": 8,
      "value": "43200000"
    },
    {
      "filePath": "\/Users\/runner\/work\/AppFig-SDKs-private\/AppFig-SDKs-private\/ios\/AppFig\/AppFig\/AppFigIOSSDK.swift",
      "kind": "BooleanLiteral",
      "offset": 7937,
      "length": 5,
      "value": "false"
    },
    {
      "filePath": "\/Users\/runner\/work\/AppFig-SDKs-private\/AppFig-SDKs-private\/ios\/AppFig\/AppFig\/AppFigIOSSDK.swift",
      "kind": "IntegerLiteral",
      "offset": 7985,
      "length": 7,
      "value": "1800000"
    },
    {
      "filePath": "\/Users\/runner\/work\/AppFig-SDKs-private\/AppFig-SDKs-private\/ios\/AppFig\/AppFig\/AppFigIOSSDK.swift",
      "kind": "IntegerLiteral",
      "offset": 8019,
      "length": 4,
      "value": "5000"
    },
    {
      "filePath": "\/Users\/runner\/work\/AppFig-SDKs-private\/AppFig-SDKs-private\/ios\/AppFig\/AppFig\/AppFigIOSSDK.swift",
      "kind": "IntegerLiteral",
      "offset": 8056,
      "length": 1,
      "value": "7"
    },
    {
      "filePath": "\/Users\/runner\/work\/AppFig-SDKs-private\/AppFig-SDKs-private\/ios\/AppFig\/AppFig\/AppFigIOSSDK.swift",
      "kind": "BooleanLiteral",
      "offset": 41044,
      "length": 5,
      "value": "false"
    },
    {
      "filePath": "\/Users\/runner\/work\/AppFig-SDKs-private\/AppFig-SDKs-private\/ios\/AppFig\/AppFig\/AppFigIOSSDK.swift",
      "kind": "FloatLiteral",
      "offset": 50307,
      "length": 6,
      "value": "1000.0"
    },
    {
      "filePath": "\/Users\/runner\/work\/AppFig-SDKs-private\/AppFig-SDKs-private\/ios\/AppFig\/AppFig\/AppFigIOSSDK.swift",
      "kind": "BooleanLiteral",
      "offset": 50324,
      "length": 4,
      "value": "true"
    },
    {
      "filePath": "\/Users\/runner\/work\/AppFig-SDKs-private\/AppFig-SDKs-private\/ios\/AppFig\/AppFig\/AppFigIOSSDK.swift",
      "kind": "StringLiteral",
      "offset": 73751,
      "length": 17,
      "value": "\"user_properties\""
    },
    {
      "filePath": "\/Users\/runner\/work\/AppFig-SDKs-private\/AppFig-SDKs-private\/ios\/AppFig\/AppFig\/AppFigIOSSDK.swift",
      "kind": "StringLiteral",
      "offset": 73807,
      "length": 26,
      "value": "\"user_properties_operator\""
    },
    {
      "filePath": "\/Users\/runner\/work\/AppFig-SDKs-private\/AppFig-SDKs-private\/ios\/AppFig\/AppFig\/AppFigIOSSDK.swift",
      "kind": "StringLiteral",
      "offset": 73884,
      "length": 17,
      "value": "\"device_operator\""
    },
    {
      "filePath": "\/Users\/runner\/work\/AppFig-SDKs-private\/AppFig-SDKs-private\/ios\/AppFig\/AppFig\/AppFigIOSSDK.swift",
      "kind": "StringLiteral",
      "offset": 74158,
      "length": 10,
      "value": "\"operator\""
    },
    {
      "filePath": "\/Users\/runner\/work\/AppFig-SDKs-private\/AppFig-SDKs-private\/ios\/AppFig\/AppFig\/AppFigIOSSDK.swift",
      "kind": "StringLiteral",
      "offset": 74193,
      "length": 10,
      "value": "\"ordering\""
    },
    {
      "filePath": "\/Users\/runner\/work\/AppFig-SDKs-private\/AppFig-SDKs-private\/ios\/AppFig\/AppFig\/AppFigIOSSDK.swift",
      "kind": "StringLiteral",
      "offset": 74496,
      "length": 10,
      "value": "\"operator\""
    },
    {
      "filePath": "\/Users\/runner\/work\/AppFig-SDKs-private\/AppFig-SDKs-private\/ios\/AppFig\/AppFig\/AppFigIOSSDK.swift",
      "kind": "StringLiteral",
      "offset": 74556,
      "length": 18,
      "value": "\"within_last_days\""
    },
    {
      "filePath": "\/Users\/runner\/work\/AppFig-SDKs-private\/AppFig-SDKs-private\/ios\/AppFig\/AppFig\/AppFigIOSSDK.swift",
      "kind": "StringLiteral",
      "offset": 75187,
      "length": 16,
      "value": "\"schema_version\""
    },
    {
      "filePath": "\/Users\/runner\/work\/AppFig-SDKs-private\/AppFig-SDKs-private\/ios\/AppFig\/AppFig\/AppFigIOSSDK.swift",
      "kind": "StringLiteral",
      "offset": 75268,
      "length": 12,
      "value": "\"updated_at\""
    },
    {
      "filePath": "\/Users\/runner\/work\/AppFig-SDKs-private\/AppFig-SDKs-private\/ios\/AppFig\/AppFig\/AppFigIOSSDK.swift",
      "kind": "StringLiteral",
      "offset": 75309,
      "length": 15,
      "value": "\"feature_count\""
    },
    {
      "filePath": "\/Users\/runner\/work\/AppFig-SDKs-private\/AppFig-SDKs-private\/ios\/AppFig\/AppFig\/AppFigIOSSDK.swift",
      "kind": "StringLiteral",
      "offset": 75348,
      "length": 10,
      "value": "\"ttl_secs\""
    },
    {
      "filePath": "\/Users\/runner\/work\/AppFig-SDKs-private\/AppFig-SDKs-private\/ios\/AppFig\/AppFig\/AppFigIOSSDK.swift",
      "kind": "StringLiteral",
      "offset": 75394,
      "length": 24,
      "value": "\"min_poll_interval_secs\""
    }
  ]
}